<?xml version = '1.0' encoding = 'UTF-8'?>
<Entity class="oracle.dbtools.crest.model.design.logical.Entity" directorySegmentName="seg_0" id="001A39AC-46A2-254F-0B87-2E3C771F04DF" name="APLICA DESCUENTO">
<createdBy>Javier C</createdBy>
<createdTime>2023-03-24 16:25:12 UTC</createdTime>
<ownerDesignName>proyecto 1 modelo</ownerDesignName>
<engineerTo>
<item key="654800E9-AF5F-C2DB-0FE8-23C9FFE45611" value="true"/>
</engineerTo>
<adequatelyNormalized>NO</adequatelyNormalized>
<expectedVolumes>0</expectedVolumes>
<fwdEngineeringStrategyName>Single Table</fwdEngineeringStrategyName>
<growthPercent>0</growthPercent>
<growthType>Year</growthType>
<maxVolumes>9999999</maxVolumes>
<minVolumes>0</minVolumes>
<normalForm>Third</normalForm>
<attributes itemClass="oracle.dbtools.crest.model.design.logical.Attribute">
<Attribute name="razon descuento" id="38868B31-9700-07B1-6687-6336CF7D02D5">
<createdBy>Javier C</createdBy>
<createdTime>2023-03-24 16:25:38 UTC</createdTime>
<ownerDesignName>proyecto 1 modelo</ownerDesignName>
<engineerTo>
<item key="654800E9-AF5F-C2DB-0FE8-23C9FFE45611" value="true"/>
</engineerTo>
<use>0</use>
<ownDataTypeParameters>,,</ownDataTypeParameters>
</Attribute>
<Attribute name="tipo descuento" id="DDA732F6-9835-6E79-C462-90681353F315">
<createdBy>Javier C</createdBy>
<createdTime>2023-03-24 16:26:59 UTC</createdTime>
<ownerDesignName>proyecto 1 modelo</ownerDesignName>
<engineerTo>
<item key="654800E9-AF5F-C2DB-0FE8-23C9FFE45611" value="true"/>
</engineerTo>
<use>0</use>
<ownDataTypeParameters>,,</ownDataTypeParameters>
</Attribute>
</attributes>
</Entity>