<?xml version = '1.0' encoding = 'UTF-8'?>
<Entity class="oracle.dbtools.crest.model.design.logical.Entity" directorySegmentName="seg_0" id="253E9A25-7087-CF7B-FDE0-539A1701A58B" name="CLIENTE">
<createdBy>Javier C</createdBy>
<createdTime>2023-03-24 16:02:33 UTC</createdTime>
<ownerDesignName>proyecto 1 modelo</ownerDesignName>
<engineerTo>
<item key="654800E9-AF5F-C2DB-0FE8-23C9FFE45611" value="true"/>
</engineerTo>
<adequatelyNormalized>NO</adequatelyNormalized>
<expectedVolumes>0</expectedVolumes>
<fwdEngineeringStrategyName>Single Table</fwdEngineeringStrategyName>
<growthPercent>0</growthPercent>
<growthType>Year</growthType>
<maxVolumes>9999999</maxVolumes>
<minVolumes>0</minVolumes>
<normalForm>Third</normalForm>
<attributes itemClass="oracle.dbtools.crest.model.design.logical.Attribute">
<Attribute name="numero cliente" id="2561A7E9-E07A-4B14-EDF3-999D5F6E3E25">
<createdBy>Javier C</createdBy>
<createdTime>2023-03-24 16:04:48 UTC</createdTime>
<ownerDesignName>proyecto 1 modelo</ownerDesignName>
<engineerTo>
<item key="654800E9-AF5F-C2DB-0FE8-23C9FFE45611" value="true"/>
</engineerTo>
<use>0</use>
<ownDataTypeParameters>,,</ownDataTypeParameters>
</Attribute>
</attributes>
<identifiers itemClass="oracle.dbtools.crest.model.design.logical.CandidateKey">
<identifier id="F41DCD22-5C42-37DD-9AC9-9DE874199C66" name="CLIENTE PK">
<createdBy>Javier C</createdBy>
<createdTime>2023-03-24 16:04:56 UTC</createdTime>
<ownerDesignName>proyecto 1 modelo</ownerDesignName>
<engineerTo>
<item key="654800E9-AF5F-C2DB-0FE8-23C9FFE45611" value="true"/>
</engineerTo>
<pk>true</pk>
<usedAttributes>
<attributeRef>2561A7E9-E07A-4B14-EDF3-999D5F6E3E25</attributeRef>
</usedAttributes>
</identifier>
</identifiers>
</Entity>