<?xml version = '1.0' encoding = 'UTF-8'?>
<Entity class="oracle.dbtools.crest.model.design.logical.Entity" directorySegmentName="seg_0" id="2E384F61-DB09-EE61-E1EB-B5EC42010B82" name="MIEMBRO">
<createdBy>Javier C</createdBy>
<createdTime>2023-03-24 16:08:29 UTC</createdTime>
<ownerDesignName>proyecto 1 modelo</ownerDesignName>
<engineerTo>
<item key="654800E9-AF5F-C2DB-0FE8-23C9FFE45611" value="true"/>
</engineerTo>
<adequatelyNormalized>NO</adequatelyNormalized>
<expectedVolumes>0</expectedVolumes>
<fwdEngineeringStrategyName>Single Table</fwdEngineeringStrategyName>
<growthPercent>0</growthPercent>
<growthType>Year</growthType>
<maxVolumes>9999999</maxVolumes>
<minVolumes>0</minVolumes>
<normalForm>Third</normalForm>
<attributes itemClass="oracle.dbtools.crest.model.design.logical.Attribute">
<Attribute name="codigo miembro" id="D4FEDC3C-D1A0-3839-3073-B1A41453A4FB">
<createdBy>Javier C</createdBy>
<createdTime>2023-03-24 16:08:37 UTC</createdTime>
<ownerDesignName>proyecto 1 modelo</ownerDesignName>
<engineerTo>
<item key="654800E9-AF5F-C2DB-0FE8-23C9FFE45611" value="true"/>
</engineerTo>
<use>0</use>
<ownDataTypeParameters>,,</ownDataTypeParameters>
</Attribute>
<Attribute name="nombre" id="D16761AE-63ED-1F07-13CA-BB8C54D47596">
<createdBy>Javier C</createdBy>
<createdTime>2023-03-24 16:08:48 UTC</createdTime>
<ownerDesignName>proyecto 1 modelo</ownerDesignName>
<engineerTo>
<item key="654800E9-AF5F-C2DB-0FE8-23C9FFE45611" value="true"/>
</engineerTo>
<nullsAllowed>true</nullsAllowed>
<use>0</use>
<ownDataTypeParameters>,,</ownDataTypeParameters>
</Attribute>
<Attribute name="nivel de miembro" id="DA09B0BE-A6F9-C15C-2D0A-EE8804DD045F">
<createdBy>Javier C</createdBy>
<createdTime>2023-03-24 16:09:11 UTC</createdTime>
<ownerDesignName>proyecto 1 modelo</ownerDesignName>
<engineerTo>
<item key="654800E9-AF5F-C2DB-0FE8-23C9FFE45611" value="true"/>
</engineerTo>
<use>0</use>
<ownDataTypeParameters>,,</ownDataTypeParameters>
</Attribute>
<Attribute name="numero cliente" id="D22F0BB6-7ED6-666C-F3E8-DBD345026661">
<createdBy>Javier C</createdBy>
<createdTime>2023-03-24 16:24:53 UTC</createdTime>
<generatorID>39EC856D-F376-FC71-EA8D-7EFAB89E9D96</generatorID>
<ownerDesignName>proyecto 1 modelo</ownerDesignName>
<engineerTo>
<item key="654800E9-AF5F-C2DB-0FE8-23C9FFE45611" value="true"/>
</engineerTo>
<referedAttribute>2561A7E9-E07A-4B14-EDF3-999D5F6E3E25</referedAttribute>
<use>0</use>
<ownDataTypeParameters>,,</ownDataTypeParameters>
</Attribute>
</attributes>
<identifiers itemClass="oracle.dbtools.crest.model.design.logical.CandidateKey">
<identifier id="ADE0A24E-A25E-CE6B-6F4E-A9BE63585CDD" name="MIEMBRO PK">
<createdBy>Javier C</createdBy>
<createdTime>2023-03-24 16:08:47 UTC</createdTime>
<ownerDesignName>proyecto 1 modelo</ownerDesignName>
<engineerTo>
<item key="654800E9-AF5F-C2DB-0FE8-23C9FFE45611" value="true"/>
</engineerTo>
<pk>true</pk>
<usedAttributes>
<attributeRef>D4FEDC3C-D1A0-3839-3073-B1A41453A4FB</attributeRef>
</usedAttributes>
</identifier>
</identifiers>
</Entity>