<?xml version = '1.0' encoding = 'UTF-8'?>
<Entity class="oracle.dbtools.crest.model.design.logical.Entity" directorySegmentName="seg_0" id="4077B597-AE97-16BE-6DF6-DDFD4853FBD8" name="DESCUENTO HACIA MIEMBROS">
<createdBy>Javier C</createdBy>
<createdTime>2023-03-24 16:20:17 UTC</createdTime>
<ownerDesignName>proyecto 1 modelo</ownerDesignName>
<engineerTo>
<item key="654800E9-AF5F-C2DB-0FE8-23C9FFE45611" value="true"/>
</engineerTo>
<adequatelyNormalized>NO</adequatelyNormalized>
<expectedVolumes>0</expectedVolumes>
<fwdEngineeringStrategyName>Single Table</fwdEngineeringStrategyName>
<growthPercent>0</growthPercent>
<growthType>Year</growthType>
<maxVolumes>9999999</maxVolumes>
<minVolumes>0</minVolumes>
<normalForm>Third</normalForm>
<attributes itemClass="oracle.dbtools.crest.model.design.logical.Attribute">
<Attribute name="tipo de descuento" id="483301DC-EB99-2359-E7A2-FADEB1287A94">
<createdBy>Javier C</createdBy>
<createdTime>2023-03-24 16:20:26 UTC</createdTime>
<ownerDesignName>proyecto 1 modelo</ownerDesignName>
<engineerTo>
<item key="654800E9-AF5F-C2DB-0FE8-23C9FFE45611" value="true"/>
</engineerTo>
<use>0</use>
<ownDataTypeParameters>,,</ownDataTypeParameters>
</Attribute>
<Attribute name="codigo miembro" id="FF0E60D5-D453-5A5D-0C4F-F44445AA58AB">
<createdBy>Javier C</createdBy>
<createdTime>2023-03-24 16:20:56 UTC</createdTime>
<generatorID>89D9C1DC-EB41-D309-FCBA-BA1A6BDC6B25</generatorID>
<ownerDesignName>proyecto 1 modelo</ownerDesignName>
<engineerTo>
<item key="654800E9-AF5F-C2DB-0FE8-23C9FFE45611" value="true"/>
</engineerTo>
<referedAttribute>D4FEDC3C-D1A0-3839-3073-B1A41453A4FB</referedAttribute>
<use>0</use>
<ownDataTypeParameters>,,</ownDataTypeParameters>
</Attribute>
</attributes>
</Entity>