<?xml version = '1.0' encoding = 'UTF-8'?>
<Entity class="oracle.dbtools.crest.model.design.logical.Entity" directorySegmentName="seg_0" id="687D0042-065E-0128-7222-78C639651930" name="JUEGO">
<createdBy>Javier C</createdBy>
<createdTime>2023-03-24 16:05:57 UTC</createdTime>
<ownerDesignName>proyecto 1 modelo</ownerDesignName>
<engineerTo>
<item key="654800E9-AF5F-C2DB-0FE8-23C9FFE45611" value="true"/>
</engineerTo>
<adequatelyNormalized>NO</adequatelyNormalized>
<expectedVolumes>0</expectedVolumes>
<fwdEngineeringStrategyName>Single Table</fwdEngineeringStrategyName>
<growthPercent>0</growthPercent>
<growthType>Year</growthType>
<maxVolumes>9999999</maxVolumes>
<minVolumes>0</minVolumes>
<normalForm>Third</normalForm>
<attributes itemClass="oracle.dbtools.crest.model.design.logical.Attribute">
<Attribute name="codigo juego" id="CD13BEC6-53C0-869A-4CA1-57FA37CAC8C3">
<createdBy>Javier C</createdBy>
<createdTime>2023-03-24 16:07:57 UTC</createdTime>
<ownerDesignName>proyecto 1 modelo</ownerDesignName>
<engineerTo>
<item key="654800E9-AF5F-C2DB-0FE8-23C9FFE45611" value="true"/>
</engineerTo>
<use>0</use>
<ownDataTypeParameters>,,</ownDataTypeParameters>
</Attribute>
<Attribute name="nombre" id="24FA4383-9EB9-00E2-6A55-D9FCAD829AB6">
<createdBy>Javier C</createdBy>
<createdTime>2023-03-24 16:06:57 UTC</createdTime>
<ownerDesignName>proyecto 1 modelo</ownerDesignName>
<engineerTo>
<item key="654800E9-AF5F-C2DB-0FE8-23C9FFE45611" value="true"/>
</engineerTo>
<use>0</use>
<ownDataTypeParameters>,,</ownDataTypeParameters>
</Attribute>
<Attribute name="rating" id="FD011BA9-3B9C-EADE-029F-5600E9376280">
<createdBy>Javier C</createdBy>
<createdTime>2023-03-24 16:07:09 UTC</createdTime>
<ownerDesignName>proyecto 1 modelo</ownerDesignName>
<engineerTo>
<item key="654800E9-AF5F-C2DB-0FE8-23C9FFE45611" value="true"/>
</engineerTo>
<nullsAllowed>true</nullsAllowed>
<use>0</use>
<ownDataTypeParameters>,,</ownDataTypeParameters>
</Attribute>
<Attribute name="clasificacion" id="7143ADCB-869F-AE3C-27EC-2642B787640A">
<createdBy>Javier C</createdBy>
<createdTime>2023-03-24 16:07:12 UTC</createdTime>
<ownerDesignName>proyecto 1 modelo</ownerDesignName>
<engineerTo>
<item key="654800E9-AF5F-C2DB-0FE8-23C9FFE45611" value="true"/>
</engineerTo>
<nullsAllowed>true</nullsAllowed>
<use>0</use>
<ownDataTypeParameters>,,</ownDataTypeParameters>
</Attribute>
<Attribute name="empresa" id="5DADD483-C89D-2371-54FF-F92A23B5DFA6">
<createdBy>Javier C</createdBy>
<createdTime>2023-03-24 16:07:26 UTC</createdTime>
<ownerDesignName>proyecto 1 modelo</ownerDesignName>
<engineerTo>
<item key="654800E9-AF5F-C2DB-0FE8-23C9FFE45611" value="true"/>
</engineerTo>
<use>0</use>
<ownDataTypeParameters>,,</ownDataTypeParameters>
</Attribute>
<Attribute name="consola" id="50C1E3E4-D6B8-9C8C-F9BC-1B4BF2FCFFFE">
<createdBy>Javier C</createdBy>
<createdTime>2023-03-24 16:07:35 UTC</createdTime>
<ownerDesignName>proyecto 1 modelo</ownerDesignName>
<engineerTo>
<item key="654800E9-AF5F-C2DB-0FE8-23C9FFE45611" value="true"/>
</engineerTo>
<use>0</use>
<ownDataTypeParameters>,,</ownDataTypeParameters>
</Attribute>
</attributes>
<identifiers itemClass="oracle.dbtools.crest.model.design.logical.CandidateKey">
<identifier id="BB795C39-9A34-5C57-3B18-B9021FF2B430" name="JUEGO PK">
<createdBy>Javier C</createdBy>
<createdTime>2023-03-24 16:08:23 UTC</createdTime>
<ownerDesignName>proyecto 1 modelo</ownerDesignName>
<engineerTo>
<item key="654800E9-AF5F-C2DB-0FE8-23C9FFE45611" value="true"/>
</engineerTo>
<pk>true</pk>
<usedAttributes>
<attributeRef>CD13BEC6-53C0-869A-4CA1-57FA37CAC8C3</attributeRef>
</usedAttributes>
</identifier>
</identifiers>
</Entity>