<?xml version = '1.0' encoding = 'UTF-8'?>
<Entity class="oracle.dbtools.crest.model.design.logical.Entity" directorySegmentName="seg_0" id="BB343A8A-BB92-1923-B321-3A8798711829" name="COMPRA">
<createdBy>Javier C</createdBy>
<createdTime>2023-03-24 16:23:26 UTC</createdTime>
<ownerDesignName>proyecto 1 modelo</ownerDesignName>
<engineerTo>
<item key="654800E9-AF5F-C2DB-0FE8-23C9FFE45611" value="true"/>
</engineerTo>
<adequatelyNormalized>NO</adequatelyNormalized>
<expectedVolumes>0</expectedVolumes>
<fwdEngineeringStrategyName>Single Table</fwdEngineeringStrategyName>
<growthPercent>0</growthPercent>
<growthType>Year</growthType>
<maxVolumes>9999999</maxVolumes>
<minVolumes>0</minVolumes>
<normalForm>Third</normalForm>
<attributes itemClass="oracle.dbtools.crest.model.design.logical.Attribute">
<Attribute name="numero de compra" id="804C4120-4450-FE82-6CD8-E90140B91D5C">
<createdBy>Javier C</createdBy>
<createdTime>2023-03-24 16:23:32 UTC</createdTime>
<ownerDesignName>proyecto 1 modelo</ownerDesignName>
<engineerTo>
<item key="654800E9-AF5F-C2DB-0FE8-23C9FFE45611" value="true"/>
</engineerTo>
<use>0</use>
<ownDataTypeParameters>,,</ownDataTypeParameters>
</Attribute>
<Attribute name="codigo juego" id="B7223048-7D2E-A58B-064E-783CA344A9D9">
<createdBy>Javier C</createdBy>
<createdTime>2023-03-24 16:24:19 UTC</createdTime>
<generatorID>4F96A9FA-65FF-2C09-C715-13DDE505A3FA</generatorID>
<ownerDesignName>proyecto 1 modelo</ownerDesignName>
<engineerTo>
<item key="654800E9-AF5F-C2DB-0FE8-23C9FFE45611" value="true"/>
</engineerTo>
<referedAttribute>CD13BEC6-53C0-869A-4CA1-57FA37CAC8C3</referedAttribute>
<use>0</use>
<ownDataTypeParameters>,,</ownDataTypeParameters>
</Attribute>
<Attribute name="numero cliente" id="4F2F0697-B24E-C5B0-19A5-DE989A6F5FE7">
<createdBy>Javier C</createdBy>
<createdTime>2023-03-24 16:24:36 UTC</createdTime>
<generatorID>A5182DF1-A397-9A71-EBF0-A2D7F1FE7270</generatorID>
<ownerDesignName>proyecto 1 modelo</ownerDesignName>
<engineerTo>
<item key="654800E9-AF5F-C2DB-0FE8-23C9FFE45611" value="true"/>
</engineerTo>
<referedAttribute>2561A7E9-E07A-4B14-EDF3-999D5F6E3E25</referedAttribute>
<use>0</use>
<ownDataTypeParameters>,,</ownDataTypeParameters>
</Attribute>
<Attribute name="monto de compra" id="241A62D3-8222-4932-9A9F-709788CD4429">
<createdBy>Javier C</createdBy>
<createdTime>2023-03-24 16:32:58 UTC</createdTime>
<ownerDesignName>proyecto 1 modelo</ownerDesignName>
<engineerTo>
<item key="654800E9-AF5F-C2DB-0FE8-23C9FFE45611" value="true"/>
</engineerTo>
<use>0</use>
<ownDataTypeParameters>,,</ownDataTypeParameters>
</Attribute>
<Attribute name="numero de articulos" id="B3648B1C-F238-7D63-9828-41465B36B16C">
<createdBy>Javier C</createdBy>
<createdTime>2023-03-24 16:33:03 UTC</createdTime>
<ownerDesignName>proyecto 1 modelo</ownerDesignName>
<engineerTo>
<item key="654800E9-AF5F-C2DB-0FE8-23C9FFE45611" value="true"/>
</engineerTo>
<use>0</use>
<ownDataTypeParameters>,,</ownDataTypeParameters>
</Attribute>
</attributes>
<identifiers itemClass="oracle.dbtools.crest.model.design.logical.CandidateKey">
<identifier id="F4346304-EE0E-21D7-FAA1-EBC9ED916C3D" name="COMPRA PK">
<createdBy>Javier C</createdBy>
<createdTime>2023-03-24 16:23:37 UTC</createdTime>
<ownerDesignName>proyecto 1 modelo</ownerDesignName>
<engineerTo>
<item key="654800E9-AF5F-C2DB-0FE8-23C9FFE45611" value="true"/>
</engineerTo>
<pk>true</pk>
<usedAttributes>
<attributeRef>804C4120-4450-FE82-6CD8-E90140B91D5C</attributeRef>
<attributeRef>4F2F0697-B24E-C5B0-19A5-DE989A6F5FE7</attributeRef>
</usedAttributes>
</identifier>
</identifiers>
</Entity>