<?xml version = '1.0' encoding = 'UTF-8'?>
<Entity class="oracle.dbtools.crest.model.design.logical.Entity" directorySegmentName="seg_0" id="C13837CF-CC7D-9B3C-F229-6CA013C55015" name="JUEGO PARA CONSOLA">
<createdBy>Javier C</createdBy>
<createdTime>2023-03-24 16:21:30 UTC</createdTime>
<ownerDesignName>proyecto 1 modelo</ownerDesignName>
<engineerTo>
<item key="654800E9-AF5F-C2DB-0FE8-23C9FFE45611" value="true"/>
</engineerTo>
<adequatelyNormalized>NO</adequatelyNormalized>
<expectedVolumes>0</expectedVolumes>
<fwdEngineeringStrategyName>Single Table</fwdEngineeringStrategyName>
<growthPercent>0</growthPercent>
<growthType>Year</growthType>
<maxVolumes>9999999</maxVolumes>
<minVolumes>0</minVolumes>
<normalForm>Third</normalForm>
<attributes itemClass="oracle.dbtools.crest.model.design.logical.Attribute">
<Attribute name="compatibilidad" id="71BE0594-8684-A472-85CF-A8C8B9D83E50">
<createdBy>Javier C</createdBy>
<createdTime>2023-03-24 16:21:56 UTC</createdTime>
<ownerDesignName>proyecto 1 modelo</ownerDesignName>
<engineerTo>
<item key="654800E9-AF5F-C2DB-0FE8-23C9FFE45611" value="true"/>
</engineerTo>
<use>0</use>
<ownDataTypeParameters>,,</ownDataTypeParameters>
</Attribute>
<Attribute name="codigo juego" id="490B75DC-F64E-ADB1-BCAE-9BC42503C5A7">
<createdBy>Javier C</createdBy>
<createdTime>2023-03-24 16:23:06 UTC</createdTime>
<generatorID>5BCC9505-4EF8-C114-F8D2-7A555E559702</generatorID>
<ownerDesignName>proyecto 1 modelo</ownerDesignName>
<engineerTo>
<item key="654800E9-AF5F-C2DB-0FE8-23C9FFE45611" value="true"/>
</engineerTo>
<referedAttribute>CD13BEC6-53C0-869A-4CA1-57FA37CAC8C3</referedAttribute>
<use>0</use>
<ownDataTypeParameters>,,</ownDataTypeParameters>
</Attribute>
</attributes>
</Entity>