<?xml version = '1.0' encoding = 'UTF-8'?>
<Relation class="oracle.dbtools.crest.model.design.logical.Relation" name="Relation_11" directorySegmentName="seg_0" id="1AB5E518-DF1B-EA1F-49DB-4FDCA3D03678">
<createdBy>Javier C</createdBy>
<createdTime>2023-03-24 16:25:30 UTC</createdTime>
<ownerDesignName>proyecto 1 modelo</ownerDesignName>
<engineerTo>
<item key="654800E9-AF5F-C2DB-0FE8-23C9FFE45611" value="true"/>
</engineerTo>
<identifying>false</identifying>
<optionalSource>true</optionalSource>
<optionalTarget>false</optionalTarget>
<sourceCardinality>1</sourceCardinality>
<sourceEntity>C378D0B2-11E5-D60A-9EAC-88050F7E20E5</sourceEntity>
<targetCardinalityString>*</targetCardinalityString>
<targetEntity>001A39AC-46A2-254F-0B87-2E3C771F04DF</targetEntity>
<transferable>true</transferable>
<deleteRule>NO ACTION</deleteRule>
</Relation>