<?xml version = '1.0' encoding = 'UTF-8'?>
<Relation class="oracle.dbtools.crest.model.design.logical.Relation" name="Relation_4" directorySegmentName="seg_0" id="22E8B562-4597-C84A-CDAF-F5208B0AF9E2">
<createdBy>Javier C</createdBy>
<createdTime>2023-03-24 16:23:02 UTC</createdTime>
<ownerDesignName>proyecto 1 modelo</ownerDesignName>
<engineerTo>
<item key="654800E9-AF5F-C2DB-0FE8-23C9FFE45611" value="true"/>
</engineerTo>
<identifying>false</identifying>
<optionalSource>true</optionalSource>
<optionalTarget>false</optionalTarget>
<sourceCardinality>1</sourceCardinality>
<sourceEntity>2E72EC62-CF93-EEE2-C7AF-757AEF06A1B5</sourceEntity>
<targetCardinalityString>*</targetCardinalityString>
<targetEntity>C13837CF-CC7D-9B3C-F229-6CA013C55015</targetEntity>
<transferable>true</transferable>
<deleteRule>NO ACTION</deleteRule>
</Relation>