<?xml version = '1.0' encoding = 'UTF-8'?>
<Relation class="oracle.dbtools.crest.model.design.logical.Relation" name="Relation_10" directorySegmentName="seg_0" id="39EC856D-F376-FC71-EA8D-7EFAB89E9D96">
<createdBy>Javier C</createdBy>
<createdTime>2023-03-24 16:24:53 UTC</createdTime>
<ownerDesignName>proyecto 1 modelo</ownerDesignName>
<engineerTo>
<item key="654800E9-AF5F-C2DB-0FE8-23C9FFE45611" value="true"/>
</engineerTo>
<sourcePk>F41DCD22-5C42-37DD-9AC9-9DE874199C66</sourcePk>
<identifying>false</identifying>
<optionalSource>true</optionalSource>
<optionalTarget>false</optionalTarget>
<sourceCardinality>1</sourceCardinality>
<sourceEntity>253E9A25-7087-CF7B-FDE0-539A1701A58B</sourceEntity>
<targetCardinalityString>1</targetCardinalityString>
<targetEntity>2E384F61-DB09-EE61-E1EB-B5EC42010B82</targetEntity>
<transferable>true</transferable>
<deleteRule>NO ACTION</deleteRule>
</Relation>