<?xml version = '1.0' encoding = 'UTF-8'?>
<Relation class="oracle.dbtools.crest.model.design.logical.Relation" name="Relation_8" directorySegmentName="seg_0" id="4F96A9FA-65FF-2C09-C715-13DDE505A3FA">
<createdBy>Javier C</createdBy>
<createdTime>2023-03-24 16:24:19 UTC</createdTime>
<ownerDesignName>proyecto 1 modelo</ownerDesignName>
<engineerTo>
<item key="654800E9-AF5F-C2DB-0FE8-23C9FFE45611" value="true"/>
</engineerTo>
<sourcePk>BB795C39-9A34-5C57-3B18-B9021FF2B430</sourcePk>
<identifying>false</identifying>
<optionalSource>true</optionalSource>
<optionalTarget>false</optionalTarget>
<sourceCardinality>1</sourceCardinality>
<sourceEntity>687D0042-065E-0128-7222-78C639651930</sourceEntity>
<targetCardinalityString>*</targetCardinalityString>
<targetEntity>BB343A8A-BB92-1923-B321-3A8798711829</targetEntity>
<transferable>true</transferable>
<deleteRule>NO ACTION</deleteRule>
</Relation>