<?xml version = '1.0' encoding = 'UTF-8'?>
<Relation class="oracle.dbtools.crest.model.design.logical.Relation" name="Relation_5" directorySegmentName="seg_0" id="5BCC9505-4EF8-C114-F8D2-7A555E559702">
<createdBy>Javier C</createdBy>
<createdTime>2023-03-24 16:23:06 UTC</createdTime>
<ownerDesignName>proyecto 1 modelo</ownerDesignName>
<engineerTo>
<item key="654800E9-AF5F-C2DB-0FE8-23C9FFE45611" value="true"/>
</engineerTo>
<sourcePk>BB795C39-9A34-5C57-3B18-B9021FF2B430</sourcePk>
<identifying>false</identifying>
<optionalSource>true</optionalSource>
<optionalTarget>false</optionalTarget>
<sourceCardinality>1</sourceCardinality>
<sourceEntity>687D0042-065E-0128-7222-78C639651930</sourceEntity>
<targetCardinalityString>*</targetCardinalityString>
<targetEntity>C13837CF-CC7D-9B3C-F229-6CA013C55015</targetEntity>
<transferable>true</transferable>
<deleteRule>NO ACTION</deleteRule>
</Relation>