<?xml version = '1.0' encoding = 'UTF-8'?>
<Relation class="oracle.dbtools.crest.model.design.logical.Relation" name="Relation_3" directorySegmentName="seg_0" id="67C9578D-CFD0-A5F5-D04C-AD7675F90B67">
<createdBy>Javier C</createdBy>
<createdTime>2023-03-24 16:21:03 UTC</createdTime>
<ownerDesignName>proyecto 1 modelo</ownerDesignName>
<engineerTo>
<item key="654800E9-AF5F-C2DB-0FE8-23C9FFE45611" value="true"/>
</engineerTo>
<identifying>false</identifying>
<optionalSource>true</optionalSource>
<optionalTarget>false</optionalTarget>
<sourceCardinality>1</sourceCardinality>
<sourceEntity>C378D0B2-11E5-D60A-9EAC-88050F7E20E5</sourceEntity>
<targetCardinalityString>*</targetCardinalityString>
<targetEntity>4077B597-AE97-16BE-6DF6-DDFD4853FBD8</targetEntity>
<transferable>true</transferable>
<deleteRule>NO ACTION</deleteRule>
</Relation>