<?xml version = '1.0' encoding = 'UTF-8'?>
<Relation class="oracle.dbtools.crest.model.design.logical.Relation" name="Relation_14" directorySegmentName="seg_0" id="7269DAAF-2493-D285-D6A2-806398591321">
<createdBy>Javier C</createdBy>
<createdTime>2023-03-24 16:30:24 UTC</createdTime>
<ownerDesignName>proyecto 1 modelo</ownerDesignName>
<engineerTo>
<item key="654800E9-AF5F-C2DB-0FE8-23C9FFE45611" value="true"/>
</engineerTo>
<identifying>false</identifying>
<optionalSource>true</optionalSource>
<optionalTarget>false</optionalTarget>
<sourceCardinality>1</sourceCardinality>
<sourceEntity>97164BD4-5F29-AF21-DC99-7CC34FA2E251</sourceEntity>
<targetCardinalityString>1</targetCardinalityString>
<targetEntity>DD33F6B1-52AE-7B12-AB7F-6E017355833E</targetEntity>
<transferable>true</transferable>
<deleteRule>NO ACTION</deleteRule>
</Relation>