<?xml version = '1.0' encoding = 'UTF-8'?>
<Relation class="oracle.dbtools.crest.model.design.logical.Relation" name="Relation_7" directorySegmentName="seg_0" id="7C1F82BF-A3D7-EE02-5314-56876D0ABD16">
<createdBy>Javier C</createdBy>
<createdTime>2023-03-24 16:24:15 UTC</createdTime>
<ownerDesignName>proyecto 1 modelo</ownerDesignName>
<engineerTo>
<item key="654800E9-AF5F-C2DB-0FE8-23C9FFE45611" value="true"/>
</engineerTo>
<identifying>false</identifying>
<optionalSource>true</optionalSource>
<optionalTarget>false</optionalTarget>
<sourceCardinality>1</sourceCardinality>
<sourceEntity>2E72EC62-CF93-EEE2-C7AF-757AEF06A1B5</sourceEntity>
<targetCardinalityString>*</targetCardinalityString>
<targetEntity>BB343A8A-BB92-1923-B321-3A8798711829</targetEntity>
<transferable>true</transferable>
<deleteRule>NO ACTION</deleteRule>
</Relation>