<?xml version = '1.0' encoding = 'UTF-8'?>
<Relation class="oracle.dbtools.crest.model.design.logical.Relation" name="Relation_2" directorySegmentName="seg_0" id="89D9C1DC-EB41-D309-FCBA-BA1A6BDC6B25">
<createdBy>Javier C</createdBy>
<createdTime>2023-03-24 16:20:56 UTC</createdTime>
<ownerDesignName>proyecto 1 modelo</ownerDesignName>
<engineerTo>
<item key="654800E9-AF5F-C2DB-0FE8-23C9FFE45611" value="true"/>
</engineerTo>
<sourcePk>ADE0A24E-A25E-CE6B-6F4E-A9BE63585CDD</sourcePk>
<identifying>false</identifying>
<optionalSource>true</optionalSource>
<optionalTarget>false</optionalTarget>
<sourceCardinality>1</sourceCardinality>
<sourceEntity>2E384F61-DB09-EE61-E1EB-B5EC42010B82</sourceEntity>
<targetCardinalityString>*</targetCardinalityString>
<targetEntity>4077B597-AE97-16BE-6DF6-DDFD4853FBD8</targetEntity>
<transferable>true</transferable>
<deleteRule>NO ACTION</deleteRule>
</Relation>