<?xml version = '1.0' encoding = 'UTF-8'?>
<Relation class="oracle.dbtools.crest.model.design.logical.Relation" name="Relation_12" directorySegmentName="seg_0" id="9676D534-5FBD-1416-9E0F-65375B4711D7">
<createdBy>Javier C</createdBy>
<createdTime>2023-03-24 16:25:34 UTC</createdTime>
<ownerDesignName>proyecto 1 modelo</ownerDesignName>
<engineerTo>
<item key="654800E9-AF5F-C2DB-0FE8-23C9FFE45611" value="true"/>
</engineerTo>
<identifying>false</identifying>
<optionalSource>false</optionalSource>
<optionalTarget>true</optionalTarget>
<sourceCardinality>1</sourceCardinality>
<sourceEntity>001A39AC-46A2-254F-0B87-2E3C771F04DF</sourceEntity>
<targetCardinalityString>*</targetCardinalityString>
<targetEntity>253E9A25-7087-CF7B-FDE0-539A1701A58B</targetEntity>
<transferable>true</transferable>
<deleteRule>NO ACTION</deleteRule>
</Relation>