<?xml version = '1.0' encoding = 'UTF-8'?>
<Relation class="oracle.dbtools.crest.model.design.logical.Relation" name="Relation_9" directorySegmentName="seg_0" id="A5182DF1-A397-9A71-EBF0-A2D7F1FE7270">
<createdBy>Javier C</createdBy>
<createdTime>2023-03-24 16:24:36 UTC</createdTime>
<ownerDesignName>proyecto 1 modelo</ownerDesignName>
<engineerTo>
<item key="654800E9-AF5F-C2DB-0FE8-23C9FFE45611" value="true"/>
</engineerTo>
<sourcePk>F41DCD22-5C42-37DD-9AC9-9DE874199C66</sourcePk>
<identifying>true</identifying>
<optionalSource>true</optionalSource>
<optionalTarget>false</optionalTarget>
<sourceCardinality>1</sourceCardinality>
<sourceEntity>253E9A25-7087-CF7B-FDE0-539A1701A58B</sourceEntity>
<targetCardinalityString>*</targetCardinalityString>
<targetEntity>BB343A8A-BB92-1923-B321-3A8798711829</targetEntity>
<transferable>true</transferable>
<deleteRule>NO ACTION</deleteRule>
</Relation>