<?xml version = '1.0' encoding = 'UTF-8'?>
<Relation class="oracle.dbtools.crest.model.design.logical.Relation" name="Relation_13" directorySegmentName="seg_0" id="AC9ADAE9-6E0B-CDA3-1A75-561F6E92868E">
<createdBy>Javier C</createdBy>
<createdTime>2023-03-24 16:30:04 UTC</createdTime>
<ownerDesignName>proyecto 1 modelo</ownerDesignName>
<engineerTo>
<item key="654800E9-AF5F-C2DB-0FE8-23C9FFE45611" value="true"/>
</engineerTo>
<identifying>false</identifying>
<optionalSource>true</optionalSource>
<optionalTarget>false</optionalTarget>
<sourceCardinality>1</sourceCardinality>
<sourceEntity>97164BD4-5F29-AF21-DC99-7CC34FA2E251</sourceEntity>
<targetCardinalityString>1</targetCardinalityString>
<targetEntity>253E9A25-7087-CF7B-FDE0-539A1701A58B</targetEntity>
<transferable>true</transferable>
<deleteRule>NO ACTION</deleteRule>
</Relation>