<?xml version = '1.0' encoding = 'UTF-8'?>
<relationalModel class="oracle.dbtools.crest.model.design.relational.RelationalDesign" name="Relational_1" id="654800E9-AF5F-C2DB-0FE8-23C9FFE45611" mainViewID="5F466A2F-11C7-5DD8-C4E5-3E37788005AC">
<createdBy>Javier C</createdBy>
<createdTime>2023-03-24 15:41:37 UTC</createdTime>
<ownerDesignName>proyecto 1 modelo</ownerDesignName>
<shouldBeOpen>false</shouldBeOpen>
<selectedRDBMSSite>32076570-2523-435C-2E92-BF29817DFF70</selectedRDBMSSite>
</relationalModel>