<?xml version = '1.0' encoding = 'UTF-8'?>
<Diagram class="oracle.dbtools.crest.swingui.logical.DPVLogical" name="Logical" id="9A3BBC23-FBDE-8DC5-FDAB-B28E2EBDEC06">
<createdBy>Javier C</createdBy>
<modifiedBy>Javier C</modifiedBy>
<createdTime>2023-03-24 16:02:33 UTC</createdTime>
<autoRoute>false</autoRoute>
<boxInbox>true</boxInbox>
<showLegend>false</showLegend>
<showLabels>false</showLabels>
<showRelAttributes>false</showRelAttributes>
<gridEnabled>false</gridEnabled>
<showGrid>false</showGrid>
<diagramColor>-1</diagramColor>
<display>false</display>
<notation>1</notation>
<objectViews>
<OView class="oracle.dbtools.crest.swingui.logical.TVEntity" oid="001A39AC-46A2-254F-0B87-2E3C771F04DF" otype="Entity" vid="A8604B2C-1AD3-F470-05E1-7E0AFB60F0C6">
<hideElementsInCurrentOnly>false</hideElementsInCurrentOnly>
<bounds x="230" y="80" width="113" height="78"/>
</OView>
<OView class="oracle.dbtools.crest.swingui.logical.TVEntity" oid="253E9A25-7087-CF7B-FDE0-539A1701A58B" otype="Entity" vid="28004039-0F0D-C78A-7370-2F377F23D7D9">
<hideElementsInCurrentOnly>false</hideElementsInCurrentOnly>
<bounds x="291" y="373" width="106" height="108"/>
</OView>
<OView class="oracle.dbtools.crest.swingui.logical.TVEntity" oid="2E384F61-DB09-EE61-E1EB-B5EC42010B82" otype="Entity" vid="3FD8DF0A-C79D-9D05-4EC2-16C6A7EFC6F0">
<hideElementsInCurrentOnly>false</hideElementsInCurrentOnly>
<bounds x="17" y="390" width="121" height="77"/>
</OView>
<OView class="oracle.dbtools.crest.swingui.logical.TVEntity" oid="2E72EC62-CF93-EEE2-C7AF-757AEF06A1B5" otype="Entity" vid="A5ACCB5A-6BB5-B940-0DC9-7D2939E04DCF">
<hideElementsInCurrentOnly>false</hideElementsInCurrentOnly>
<bounds x="487" y="284" width="97" height="77"/>
</OView>
<OView class="oracle.dbtools.crest.swingui.logical.TVEntity" oid="4077B597-AE97-16BE-6DF6-DDFD4853FBD8" otype="Entity" vid="E23A2355-05DA-4D21-04AB-EAB09619B55E">
<hideElementsInCurrentOnly>false</hideElementsInCurrentOnly>
<bounds x="36" y="239" width="144" height="60"/>
</OView>
<OView class="oracle.dbtools.crest.swingui.logical.TVEntity" oid="687D0042-065E-0128-7222-78C639651930" otype="Entity" vid="BEA4D5AE-A226-FD05-26C1-43F88666A64A">
<hideElementsInCurrentOnly>false</hideElementsInCurrentOnly>
<bounds x="663" y="2" width="94" height="112"/>
</OView>
<OView class="oracle.dbtools.crest.swingui.logical.TVEntity" oid="97164BD4-5F29-AF21-DC99-7CC34FA2E251" otype="Entity" vid="A0E0B7AE-2FD1-3467-73DD-FA541EF0F5F7">
<hideElementsInCurrentOnly>false</hideElementsInCurrentOnly>
<bounds x="269" y="560" width="97" height="86"/>
</OView>
<OView class="oracle.dbtools.crest.swingui.logical.TVEntity" oid="BB343A8A-BB92-1923-B321-3A8798711829" otype="Entity" vid="DE93FE3E-22B6-CBAE-B64A-45581CC1697D">
<hideElementsInCurrentOnly>false</hideElementsInCurrentOnly>
<bounds x="426" y="108" width="138" height="74"/>
</OView>
<OView class="oracle.dbtools.crest.swingui.logical.TVEntity" oid="C13837CF-CC7D-9B3C-F229-6CA013C55015" otype="Entity" vid="2ED3F201-3113-1FCA-6D9A-B544C0D55304">
<hideElementsInCurrentOnly>false</hideElementsInCurrentOnly>
<bounds x="731" y="217" width="111" height="61"/>
</OView>
<OView class="oracle.dbtools.crest.swingui.logical.TVEntity" oid="C378D0B2-11E5-D60A-9EAC-88050F7E20E5" otype="Entity" vid="0723805E-34C1-8EB0-4A56-23A324FEADFF">
<hideElementsInCurrentOnly>false</hideElementsInCurrentOnly>
<bounds x="21" y="78" width="94" height="62"/>
</OView>
<OView class="oracle.dbtools.crest.swingui.logical.TVEntity" oid="DD33F6B1-52AE-7B12-AB7F-6E017355833E" otype="Entity" vid="F6E55ACD-B15A-45A2-851A-3E6BEF412F08">
<hideElementsInCurrentOnly>false</hideElementsInCurrentOnly>
<bounds x="536" y="557" width="131" height="73"/>
</OView>
</objectViews>
<connectors>
<Connector class="oracle.dbtools.crest.swingui.logical.TVRelation" oid="1AB5E518-DF1B-EA1F-49DB-4FDCA3D03678" otype="Relation" vid_source="0723805E-34C1-8EB0-4A56-23A324FEADFF" vid_target="A8604B2C-1AD3-F470-05E1-7E0AFB60F0C6">
<hideElementsInCurrentOnly>false</hideElementsInCurrentOnly>
<backgroundColor>-16777216</backgroundColor>
<lineWidth>1</lineWidth>
<points>
<point x="115" y="110"/>
<point x="230" y="110"/>
</points>
</Connector>
<Connector class="oracle.dbtools.crest.swingui.logical.TVRelation" oid="22E8B562-4597-C84A-CDAF-F5208B0AF9E2" otype="Relation" vid_source="A5ACCB5A-6BB5-B940-0DC9-7D2939E04DCF" vid_target="2ED3F201-3113-1FCA-6D9A-B544C0D55304">
<hideElementsInCurrentOnly>false</hideElementsInCurrentOnly>
<backgroundColor>-16777216</backgroundColor>
<lineWidth>1</lineWidth>
<points>
<point x="584" y="308"/>
<point x="731" y="264"/>
</points>
</Connector>
<Connector class="oracle.dbtools.crest.swingui.logical.TVRelation" oid="39EC856D-F376-FC71-EA8D-7EFAB89E9D96" otype="Relation" vid_source="28004039-0F0D-C78A-7370-2F377F23D7D9" vid_target="3FD8DF0A-C79D-9D05-4EC2-16C6A7EFC6F0">
<hideElementsInCurrentOnly>false</hideElementsInCurrentOnly>
<backgroundColor>-16777216</backgroundColor>
<lineWidth>1</lineWidth>
<points>
<point x="291" y="428"/>
<point x="138" y="428"/>
</points>
</Connector>
<Connector class="oracle.dbtools.crest.swingui.logical.TVRelation" oid="4F96A9FA-65FF-2C09-C715-13DDE505A3FA" otype="Relation" vid_source="BEA4D5AE-A226-FD05-26C1-43F88666A64A" vid_target="DE93FE3E-22B6-CBAE-B64A-45581CC1697D">
<hideElementsInCurrentOnly>false</hideElementsInCurrentOnly>
<backgroundColor>-16777216</backgroundColor>
<lineWidth>1</lineWidth>
<points>
<point x="663" y="111"/>
<point x="564" y="111"/>
</points>
</Connector>
<Connector class="oracle.dbtools.crest.swingui.logical.TVRelation" oid="5BCC9505-4EF8-C114-F8D2-7A555E559702" otype="Relation" vid_source="BEA4D5AE-A226-FD05-26C1-43F88666A64A" vid_target="2ED3F201-3113-1FCA-6D9A-B544C0D55304">
<hideElementsInCurrentOnly>false</hideElementsInCurrentOnly>
<backgroundColor>-16777216</backgroundColor>
<lineWidth>1</lineWidth>
<points>
<point x="744" y="114"/>
<point x="744" y="217"/>
</points>
</Connector>
<Connector class="oracle.dbtools.crest.swingui.logical.TVRelation" oid="67C9578D-CFD0-A5F5-D04C-AD7675F90B67" otype="Relation" vid_source="0723805E-34C1-8EB0-4A56-23A324FEADFF" vid_target="E23A2355-05DA-4D21-04AB-EAB09619B55E">
<hideElementsInCurrentOnly>false</hideElementsInCurrentOnly>
<backgroundColor>-16777216</backgroundColor>
<lineWidth>1</lineWidth>
<points>
<point x="90" y="140"/>
<point x="90" y="239"/>
</points>
</Connector>
<Connector class="oracle.dbtools.crest.swingui.logical.TVRelation" oid="7269DAAF-2493-D285-D6A2-806398591321" otype="Relation" vid_source="A0E0B7AE-2FD1-3467-73DD-FA541EF0F5F7" vid_target="F6E55ACD-B15A-45A2-851A-3E6BEF412F08">
<hideElementsInCurrentOnly>false</hideElementsInCurrentOnly>
<backgroundColor>-16777216</backgroundColor>
<lineWidth>1</lineWidth>
<points>
<point x="366" y="595"/>
<point x="536" y="595"/>
</points>
</Connector>
<Connector class="oracle.dbtools.crest.swingui.logical.TVRelation" oid="7C1F82BF-A3D7-EE02-5314-56876D0ABD16" otype="Relation" vid_source="A5ACCB5A-6BB5-B940-0DC9-7D2939E04DCF" vid_target="DE93FE3E-22B6-CBAE-B64A-45581CC1697D">
<hideElementsInCurrentOnly>false</hideElementsInCurrentOnly>
<backgroundColor>-16777216</backgroundColor>
<lineWidth>1</lineWidth>
<points>
<point x="540" y="284"/>
<point x="540" y="182"/>
</points>
</Connector>
<Connector class="oracle.dbtools.crest.swingui.logical.TVRelation" oid="89D9C1DC-EB41-D309-FCBA-BA1A6BDC6B25" otype="Relation" vid_source="3FD8DF0A-C79D-9D05-4EC2-16C6A7EFC6F0" vid_target="E23A2355-05DA-4D21-04AB-EAB09619B55E">
<hideElementsInCurrentOnly>false</hideElementsInCurrentOnly>
<backgroundColor>-16777216</backgroundColor>
<lineWidth>1</lineWidth>
<points>
<point x="87" y="390"/>
<point x="87" y="299"/>
</points>
</Connector>
<Connector class="oracle.dbtools.crest.swingui.logical.TVRelation" oid="9676D534-5FBD-1416-9E0F-65375B4711D7" otype="Relation" vid_source="A8604B2C-1AD3-F470-05E1-7E0AFB60F0C6" vid_target="28004039-0F0D-C78A-7370-2F377F23D7D9">
<hideElementsInCurrentOnly>false</hideElementsInCurrentOnly>
<backgroundColor>-16777216</backgroundColor>
<lineWidth>1</lineWidth>
<points>
<point x="317" y="158"/>
<point x="317" y="373"/>
</points>
</Connector>
<Connector class="oracle.dbtools.crest.swingui.logical.TVRelation" oid="A5182DF1-A397-9A71-EBF0-A2D7F1FE7270" otype="Relation" vid_source="28004039-0F0D-C78A-7370-2F377F23D7D9" vid_target="DE93FE3E-22B6-CBAE-B64A-45581CC1697D">
<hideElementsInCurrentOnly>false</hideElementsInCurrentOnly>
<backgroundColor>-16777216</backgroundColor>
<lineWidth>1</lineWidth>
<points>
<point x="372" y="373"/>
<point x="475" y="182"/>
</points>
</Connector>
<Connector class="oracle.dbtools.crest.swingui.logical.TVRelation" oid="AC9ADAE9-6E0B-CDA3-1A75-561F6E92868E" otype="Relation" vid_source="A0E0B7AE-2FD1-3467-73DD-FA541EF0F5F7" vid_target="28004039-0F0D-C78A-7370-2F377F23D7D9">
<hideElementsInCurrentOnly>false</hideElementsInCurrentOnly>
<backgroundColor>-16777216</backgroundColor>
<lineWidth>1</lineWidth>
<points>
<point x="328" y="560"/>
<point x="328" y="481"/>
</points>
</Connector>
</connectors>
</Diagram>